,up_ac,hugo,start,end,restraints_set,mutation,dir_name,chain,residue,up_id,proximal_cys,range
0,P00533,EGFR,1,1072,no_restraints,WT,egfr,A,190,EGFR_HUMAN,199,1-1072
1,P00533,EGFR,1,1072,no_restraints,WT,egfr,A,190,EGFR_HUMAN,207,1-1072
2,P04637,TP53,91,289,ca_rest_zinc_bs,WT,tp53,A,124,P53_HUMAN,135,91-289
3,P04637,TP53,91,289,ca_rest_zinc_bs,WT,tp53,A,124,P53_HUMAN,141,91-289
4,P04637,TP53,91,289,ca_rest_zinc_bs,M133I,tp53,A,124,P53_HUMAN,135,91-289
5,P04637,TP53,91,289,ca_rest_zinc_bs,M133I,tp53,A,124,P53_HUMAN,141,91-289
6,P04637,TP53,91,289,ca_rest_zinc_bs,M133K,tp53,A,124,P53_HUMAN,135,91-289
7,P04637,TP53,91,289,ca_rest_zinc_bs,M133K,tp53,A,124,P53_HUMAN,141,91-289
8,P04637,TP53,91,289,ca_rest_zinc_bs,M133L,tp53,A,124,P53_HUMAN,135,91-289
9,P04637,TP53,91,289,ca_rest_zinc_bs,M133L,tp53,A,124,P53_HUMAN,141,91-289
10,P04637,TP53,91,289,ca_rest_zinc_bs,M133R,tp53,A,124,P53_HUMAN,135,91-289
11,P04637,TP53,91,289,ca_rest_zinc_bs,M133R,tp53,A,124,P53_HUMAN,141,91-289
12,P04637,TP53,91,289,ca_rest_zinc_bs,M133T,tp53,A,124,P53_HUMAN,135,91-289
13,P04637,TP53,91,289,ca_rest_zinc_bs,M133T,tp53,A,124,P53_HUMAN,141,91-289
14,P04637,TP53,91,289,ca_rest_zinc_bs,M133V,tp53,A,124,P53_HUMAN,135,91-289
15,P04637,TP53,91,289,ca_rest_zinc_bs,M133V,tp53,A,124,P53_HUMAN,141,91-289
16,P04637,TP53,91,289,ca_rest_zinc_bs,N235D,tp53,A,124,P53_HUMAN,135,91-289
17,P04637,TP53,91,289,ca_rest_zinc_bs,N235D,tp53,A,124,P53_HUMAN,141,91-289
18,P04637,TP53,91,289,ca_rest_zinc_bs,N235H,tp53,A,124,P53_HUMAN,135,91-289
19,P04637,TP53,91,289,ca_rest_zinc_bs,N235H,tp53,A,124,P53_HUMAN,141,91-289
20,P04637,TP53,91,289,ca_rest_zinc_bs,N235I,tp53,A,124,P53_HUMAN,135,91-289
21,P04637,TP53,91,289,ca_rest_zinc_bs,N235I,tp53,A,124,P53_HUMAN,141,91-289
22,P04637,TP53,91,289,ca_rest_zinc_bs,N235K,tp53,A,124,P53_HUMAN,135,91-289
23,P04637,TP53,91,289,ca_rest_zinc_bs,N235K,tp53,A,124,P53_HUMAN,141,91-289
24,P04637,TP53,91,289,ca_rest_zinc_bs,N235M,tp53,A,124,P53_HUMAN,135,91-289
25,P04637,TP53,91,289,ca_rest_zinc_bs,N235M,tp53,A,124,P53_HUMAN,141,91-289
26,P04637,TP53,91,289,ca_rest_zinc_bs,N235S,tp53,A,124,P53_HUMAN,135,91-289
27,P04637,TP53,91,289,ca_rest_zinc_bs,N235S,tp53,A,124,P53_HUMAN,141,91-289
28,P04637,TP53,91,289,ca_rest_zinc_bs,N235T,tp53,A,124,P53_HUMAN,135,91-289
29,P04637,TP53,91,289,ca_rest_zinc_bs,N235T,tp53,A,124,P53_HUMAN,141,91-289
30,P04637,TP53,91,289,ca_rest_zinc_bs,P142A,tp53,A,124,P53_HUMAN,135,91-289
31,P04637,TP53,91,289,ca_rest_zinc_bs,P142A,tp53,A,124,P53_HUMAN,141,91-289
32,P04637,TP53,91,289,ca_rest_zinc_bs,P142F,tp53,A,124,P53_HUMAN,135,91-289
33,P04637,TP53,91,289,ca_rest_zinc_bs,P142F,tp53,A,124,P53_HUMAN,141,91-289
34,P04637,TP53,91,289,ca_rest_zinc_bs,P142L,tp53,A,124,P53_HUMAN,135,91-289
35,P04637,TP53,91,289,ca_rest_zinc_bs,P142L,tp53,A,124,P53_HUMAN,141,91-289
36,P04637,TP53,91,289,ca_rest_zinc_bs,P142R,tp53,A,124,P53_HUMAN,135,91-289
37,P04637,TP53,91,289,ca_rest_zinc_bs,P142R,tp53,A,124,P53_HUMAN,141,91-289
38,P04637,TP53,91,289,ca_rest_zinc_bs,P142S,tp53,A,124,P53_HUMAN,135,91-289
39,P04637,TP53,91,289,ca_rest_zinc_bs,P142S,tp53,A,124,P53_HUMAN,141,91-289
40,P04637,TP53,91,289,ca_rest_zinc_bs,P142T,tp53,A,124,P53_HUMAN,135,91-289
41,P04637,TP53,91,289,ca_rest_zinc_bs,P142T,tp53,A,124,P53_HUMAN,141,91-289
42,P04637,TP53,91,289,ca_rest_zinc_bs,P278A,tp53,A,124,P53_HUMAN,135,91-289
43,P04637,TP53,91,289,ca_rest_zinc_bs,P278A,tp53,A,124,P53_HUMAN,141,91-289
44,P04637,TP53,91,289,ca_rest_zinc_bs,P278S,tp53,A,124,P53_HUMAN,135,91-289
45,P04637,TP53,91,289,ca_rest_zinc_bs,P278S,tp53,A,124,P53_HUMAN,141,91-289
46,P04637,TP53,91,289,ca_rest_zinc_bs,Q136E,tp53,A,124,P53_HUMAN,135,91-289
47,P04637,TP53,91,289,ca_rest_zinc_bs,Q136E,tp53,A,124,P53_HUMAN,141,91-289
48,P04637,TP53,91,289,ca_rest_zinc_bs,Q136H,tp53,A,124,P53_HUMAN,135,91-289
49,P04637,TP53,91,289,ca_rest_zinc_bs,Q136H,tp53,A,124,P53_HUMAN,141,91-289
50,P04637,TP53,91,289,ca_rest_zinc_bs,Q136K,tp53,A,124,P53_HUMAN,135,91-289
51,P04637,TP53,91,289,ca_rest_zinc_bs,Q136K,tp53,A,124,P53_HUMAN,141,91-289
52,P04637,TP53,91,289,ca_rest_zinc_bs,Q136L,tp53,A,124,P53_HUMAN,135,91-289
53,P04637,TP53,91,289,ca_rest_zinc_bs,Q136L,tp53,A,124,P53_HUMAN,141,91-289
54,P04637,TP53,91,289,ca_rest_zinc_bs,Q136P,tp53,A,124,P53_HUMAN,135,91-289
55,P04637,TP53,91,289,ca_rest_zinc_bs,Q136P,tp53,A,124,P53_HUMAN,141,91-289
56,P04637,TP53,91,289,ca_rest_zinc_bs,Q136R,tp53,A,124,P53_HUMAN,135,91-289
57,P04637,TP53,91,289,ca_rest_zinc_bs,Q136R,tp53,A,124,P53_HUMAN,141,91-289
58,P04637,TP53,91,289,ca_rest_zinc_bs,S116A,tp53,A,124,P53_HUMAN,135,91-289
59,P04637,TP53,91,289,ca_rest_zinc_bs,S116A,tp53,A,124,P53_HUMAN,141,91-289
60,P04637,TP53,91,289,ca_rest_zinc_bs,S116C,tp53,A,124,P53_HUMAN,135,91-289
61,P04637,TP53,91,289,ca_rest_zinc_bs,S116C,tp53,A,124,P53_HUMAN,141,91-289
62,P04637,TP53,91,289,ca_rest_zinc_bs,S116F,tp53,A,124,P53_HUMAN,135,91-289
63,P04637,TP53,91,289,ca_rest_zinc_bs,S116F,tp53,A,124,P53_HUMAN,141,91-289
64,P04637,TP53,91,289,ca_rest_zinc_bs,S116P,tp53,A,124,P53_HUMAN,135,91-289
65,P04637,TP53,91,289,ca_rest_zinc_bs,S116P,tp53,A,124,P53_HUMAN,141,91-289
66,P04637,TP53,91,289,ca_rest_zinc_bs,T123I,tp53,A,124,P53_HUMAN,135,91-289
67,P04637,TP53,91,289,ca_rest_zinc_bs,T123I,tp53,A,124,P53_HUMAN,141,91-289
68,P04637,TP53,91,289,ca_rest_zinc_bs,T123S,tp53,A,124,P53_HUMAN,135,91-289
69,P04637,TP53,91,289,ca_rest_zinc_bs,T123S,tp53,A,124,P53_HUMAN,141,91-289
70,P04637,TP53,91,289,ca_rest_zinc_bs,T125A,tp53,A,124,P53_HUMAN,135,91-289
71,P04637,TP53,91,289,ca_rest_zinc_bs,T125A,tp53,A,124,P53_HUMAN,141,91-289
72,P04637,TP53,91,289,ca_rest_zinc_bs,T125M,tp53,A,124,P53_HUMAN,135,91-289
73,P04637,TP53,91,289,ca_rest_zinc_bs,T125M,tp53,A,124,P53_HUMAN,141,91-289
74,P04637,TP53,91,289,ca_rest_zinc_bs,T140A,tp53,A,124,P53_HUMAN,135,91-289
75,P04637,TP53,91,289,ca_rest_zinc_bs,T140A,tp53,A,124,P53_HUMAN,141,91-289
76,P04637,TP53,91,289,ca_rest_zinc_bs,T140I,tp53,A,124,P53_HUMAN,135,91-289
77,P04637,TP53,91,289,ca_rest_zinc_bs,T140I,tp53,A,124,P53_HUMAN,141,91-289
78,P04637,TP53,91,289,ca_rest_zinc_bs,T140N,tp53,A,124,P53_HUMAN,135,91-289
79,P04637,TP53,91,289,ca_rest_zinc_bs,T140N,tp53,A,124,P53_HUMAN,141,91-289
80,P04637,TP53,91,289,ca_rest_zinc_bs,T140S,tp53,A,124,P53_HUMAN,135,91-289
81,P04637,TP53,91,289,ca_rest_zinc_bs,T140S,tp53,A,124,P53_HUMAN,141,91-289
82,P04637,TP53,91,289,ca_rest_zinc_bs,V122A,tp53,A,124,P53_HUMAN,135,91-289
83,P04637,TP53,91,289,ca_rest_zinc_bs,V122A,tp53,A,124,P53_HUMAN,141,91-289
84,P04637,TP53,91,289,ca_rest_zinc_bs,V122L,tp53,A,124,P53_HUMAN,135,91-289
85,P04637,TP53,91,289,ca_rest_zinc_bs,V122L,tp53,A,124,P53_HUMAN,141,91-289
86,P04637,TP53,91,289,ca_rest_zinc_bs,V122M,tp53,A,124,P53_HUMAN,135,91-289
87,P04637,TP53,91,289,ca_rest_zinc_bs,V122M,tp53,A,124,P53_HUMAN,141,91-289
88,P04637,TP53,91,289,ca_rest_zinc_bs,V143L,tp53,A,124,P53_HUMAN,135,91-289
89,P04637,TP53,91,289,ca_rest_zinc_bs,V143L,tp53,A,124,P53_HUMAN,141,91-289
90,P04637,TP53,91,289,ca_rest_zinc_bs,V143M,tp53,A,124,P53_HUMAN,135,91-289
91,P04637,TP53,91,289,ca_rest_zinc_bs,V143M,tp53,A,124,P53_HUMAN,141,91-289
92,P04637,TP53,91,289,ca_rest_zinc_bs,V272A,tp53,A,124,P53_HUMAN,135,91-289
93,P04637,TP53,91,289,ca_rest_zinc_bs,V272A,tp53,A,124,P53_HUMAN,141,91-289
94,P04637,TP53,91,289,ca_rest_zinc_bs,V272L,tp53,A,124,P53_HUMAN,135,91-289
95,P04637,TP53,91,289,ca_rest_zinc_bs,V272L,tp53,A,124,P53_HUMAN,141,91-289
96,P04637,TP53,91,289,ca_rest_zinc_bs,V272M,tp53,A,124,P53_HUMAN,135,91-289
97,P04637,TP53,91,289,ca_rest_zinc_bs,V272M,tp53,A,124,P53_HUMAN,141,91-289
98,P04637,TP53,91,289,ca_rest_zinc_bs,V274A,tp53,A,124,P53_HUMAN,135,91-289
99,P04637,TP53,91,289,ca_rest_zinc_bs,V274A,tp53,A,124,P53_HUMAN,141,91-289
100,P04637,TP53,91,289,ca_rest_zinc_bs,V274C,tp53,A,124,P53_HUMAN,135,91-289
101,P04637,TP53,91,289,ca_rest_zinc_bs,V274C,tp53,A,124,P53_HUMAN,141,91-289
102,P04637,TP53,91,289,ca_rest_zinc_bs,V274I,tp53,A,124,P53_HUMAN,135,91-289
103,P04637,TP53,91,289,ca_rest_zinc_bs,V274I,tp53,A,124,P53_HUMAN,141,91-289
104,P04637,TP53,91,289,ca_rest_zinc_bs,V274L,tp53,A,124,P53_HUMAN,135,91-289
105,P04637,TP53,91,289,ca_rest_zinc_bs,V274L,tp53,A,124,P53_HUMAN,141,91-289
106,P04637,TP53,91,289,ca_rest_zinc_bs,Y234C,tp53,A,124,P53_HUMAN,135,91-289
107,P04637,TP53,91,289,ca_rest_zinc_bs,Y234C,tp53,A,124,P53_HUMAN,141,91-289
108,P04637,TP53,91,289,ca_rest_zinc_bs,Y234D,tp53,A,124,P53_HUMAN,135,91-289
109,P04637,TP53,91,289,ca_rest_zinc_bs,Y234D,tp53,A,124,P53_HUMAN,141,91-289
110,P04637,TP53,91,289,ca_rest_zinc_bs,Y234F,tp53,A,124,P53_HUMAN,135,91-289
111,P04637,TP53,91,289,ca_rest_zinc_bs,Y234F,tp53,A,124,P53_HUMAN,141,91-289
112,P04637,TP53,91,289,ca_rest_zinc_bs,Y234H,tp53,A,124,P53_HUMAN,135,91-289
113,P04637,TP53,91,289,ca_rest_zinc_bs,Y234H,tp53,A,124,P53_HUMAN,141,91-289
114,P04637,TP53,91,289,ca_rest_zinc_bs,Y234N,tp53,A,124,P53_HUMAN,135,91-289
115,P04637,TP53,91,289,ca_rest_zinc_bs,Y234N,tp53,A,124,P53_HUMAN,141,91-289
116,P04637,TP53,91,289,ca_rest_zinc_bs,Y234R,tp53,A,124,P53_HUMAN,135,91-289
117,P04637,TP53,91,289,ca_rest_zinc_bs,Y234R,tp53,A,124,P53_HUMAN,141,91-289
118,P04637,TP53,91,289,ca_rest_zinc_bs,Y234S,tp53,A,124,P53_HUMAN,135,91-289
119,P04637,TP53,91,289,ca_rest_zinc_bs,Y234S,tp53,A,124,P53_HUMAN,141,91-289
120,P04637,TP53,91,289,ca_rest_zinc_bs,Y236F,tp53,A,124,P53_HUMAN,135,91-289
121,P04637,TP53,91,289,ca_rest_zinc_bs,Y236F,tp53,A,124,P53_HUMAN,141,91-289
122,P04637,TP53,91,289,ca_rest_zinc_bs,Y236H,tp53,A,124,P53_HUMAN,135,91-289
123,P04637,TP53,91,289,ca_rest_zinc_bs,Y236H,tp53,A,124,P53_HUMAN,141,91-289
124,P27797,CALR,17,404,no_restraints,WT,calr,A,105,CALR_HUMAN,137,17-404
125,Q12879,GRIN2A,32,387,no_restraints,WT,grin2a,A,320,NMDE1_HUMAN,87,32-387
126,Q13951,CBFB,1,128,no_restraints,WT,cbfb,A,25,PEBB_HUMAN,124,1-128
